field,view,benign,malignant,laterality,breast_density
view,CC,0.5927033492822966,0.4072966507177033,,
view,MLO,0.5907172995780591,0.4092827004219409,,
laterality,,0.577240241891149,0.422759758108851,LEFT,
laterality,,0.6066323613493425,0.3933676386506575,RIGHT,
breast_density,,0.0,1.0,,0.0
breast_density,,0.6194029850746269,0.3805970149253731,,1.0
breast_density,,0.58557902403496,0.4144209759650401,,2.0
breast_density,,0.5838621940163191,0.4161378059836809,,3.0
breast_density,,0.5974729241877257,0.40252707581227437,,4.0
